Workbook

Sheet Resumen_Ejecutivo
B2: Auditoria de Seguridad de Codigo
B4: Alcance | C4: E:\claude\Santander\APIs\codigo
B5: Fecha | C5: 2026-08-31 (re-verificación completa) - Auditoría inicial: 2026-08-20
B6: Informe fuente | C6: SECURITY_CODE_REVIEW.md
B8: Cifras clave
B9: Hallazgos | C9: Criticos | D9: Altos | E9: Inmediato (P0) | F9: Cerrados | G9: % avance
B10: =COUNTA(Hallazgos!$A$2:$A$56) -> 55 | C10: =COUNTIF(Hallazgos!$B$2:$B$56,"Critical") -> 7 | D10: =COUNTIF(Hallazgos!$B$2:$B$56,"High") -> 18 | E10: =COUNTIF(Hallazgos!$C$2:$C$56,"P0") -> 7 | F10: =COUNTIF(Seguimiento!$E$12:$E$66,"CERRADO") -> 0 | G10: =IFERROR(F10/B10,0) -> 0
B12: Conclusion
B13: El perímetro descrito en el diagrama es sólido y reduce de forma significativa la exposición a Internet. El problema es que toda la seguridad reside en él: los microservicios operan con confianza implícita total en lo que atraviesa el API Gateway y en lo que llega por la red interna. Esto configura un modelo de "cáscara dura, interior blando" en el que un único fallo perimetral -o cualquier movimiento lateral dentro del VPC- expone íntegramente datos financieros, crediticios, biométricos y de identidad, sin capa de contención ni pista de auditoría atribuible. Con independencia del perímetro, hay dos clases de riesgo que ningún control de borde puede mitigar y que requieren cambios en el código: 1. BOLA (SEC-002). Un usuario legítimo de la app móvil, con un token de Cognito perfectamente válido, puede solicitar los datos de cualquier otro cliente cambiando un identificador. Imperva, el WAF, Cognito y el API Gateway lo dejarán pasar porque la petición está correctamente autenticada. Este es el riesgo número uno del conjunto. 2. Bypass del segundo factor (SEC-005). La validación de OTP no vincula el código con el usuario, no limita intentos y acepta cualquier respuesta no nula del proveedor. Se identificaron 55 hallazgos vivos: 7 Critical, 18 High, 21 Medium, 6 Low y 3 Info. Respecto a la línea base del 24-ago (52 hallazgos), 2 están resueltos, 9 han mejorado (4 bajan de severidad y 5 reducen alcance), 2 empeoran y 5 son nuevos. No hay ninguna regresión. El detalle de la comparación está en §23. Lectura de la tendencia. El equipo ha trabajado, y se nota: los secretos salieron mayoritariamente del árbol de fuentes, desaparecieron los datos personales de data.sql, se añadieron timeouts, apareció un rate limiter y los contratos se recortaron a lo realmente implementado. Pero

Sheet Hallazgos
A1: ID | B1: Severidad | C1: Prioridad | D1: EH | E1: Caso EH / OWASP | F1: Confianza | G1: Hallazgo | H1: Proyecto | I1: Componente | J1: CWE | K1: Riesgo | L1: Correccion sugerida
A2: SEC-001 | B2: Critical | C2: P0 | D2: ENMASCARADO | E2: §1.1 · API2 | F2: CONFIRMADO | G2: Autenticación y autorización desactivadas en todas las APIs | H2: Todos (11) | I2: SecurityConfig + application.yml | J2: CWE-306 | K2: Sin autenticación en T4/T5 | L2: oauth2ResourceServer con issuer-uri de Cognito; anyRequest().authenticated(); mTLS o token de servicio en este-oeste
A3: SEC-002 | B3: Critical | C3: P0 | D3: SÍ | E3: CP-01 · API1 | F3: CONFIRMADO | G3: BOLA/IDOR sistémico sobre identificadores de negocio | H3: 8 proyectos | I3: Delegates / UseCases | J3: CWE-639 | K3: BOLA: datos de cualquier cliente | L3: AuthorizationService.assertCanAccessCustomer(jwt, id) antes de cada acceso; scope explícito para acceso masivo
A4: SEC-003 | B4: High | C4: P1 | D4: NO | E4: — | F4: CONFIRMADO | G4: Secretos de proveedores y BD versionados en el repositorio | H4: 6 proyectos | I4: application-*.yml, Constant.java | J4: CWE-798 | K4: Compromiso de proveedores y BD | L4: Rotar los 18; eliminar defaults; migrar a Secrets Manager; gitleaks en CI
A5: SEC-004 | B5: Critical | C5: P0 | D5: NO | E5: — | F5: CONFIRMADO | G5: Validación de certificado TLS deshabilitada (trust-all) | H5: 7 proyectos | I5: WebClientConfig / RestTemplateConfig | J5: CWE-295 | K5: MITM en salida a terceros | L5: Truststore con CA de Netskope; eliminar handlerConfigurator vacío
A6: SEC-005 | B6: Critical | C6: P0 | D6: SÍ | E6: CP-06, CP-16 · API2, API6 | F6: CONFIRMADO | G6: Bypass de OTP: sin vínculo a usuario, sin límite, OTP en path y en logs | H6: beemailboxes | I6: OTPServiceAdapter | J6: CWE-304, CWE-307 | K6: Bypass de 2FA | L6: Clave = transactionId; validar sujeto; contador de intentos; TTL; OTP fuera del path y del log
A7: SEC-006 | B7: Critical | C7: P0 | D7: NO | E7: — | F7: CONFIRMADO | G7: Callback de firma digital a webhook.site y token de callback literal jwt | H7: bedigitsignature | I7: Constant, DocumentProcessService | J7: CWE-200, CWE-306 | K7: Fuga a tercero; callback sin autenticación | L7: callbackUrl por entorno; construir el header sin marcador; publicar endpoint propio con validación de JWT
A8: SEC-007 | B8: Critical | C8: P0 | D8: NO | E8: — | F8: CONFIRMADO | G8: Credenciales, tokens y clave AES escritos en logs | H8: 4 proyectos | I8: TokenService, AesEncryptionService | J8: CWE-532 | K8: Credenciales en el agregador | L8: @ToString.Exclude; registrar metadatos, no objetos; masking en el appender
A9: SEC-009 | B9: Medium | C9: P2 | D9: NO | E9: — | F9: CONFIRMADO | G9: Credenciales enviadas por HTTP en claro a Contáctanos (red interna GSNET) | H9: beclaims | I9: application-local.yml + TokenService | J9: CWE-319 | K9: Credenciales en claro en red interna | L9: Migrar a HTTPS; validar esquema en el arranque; rotar credenciales
A10: SEC-010 | B10: Critical | C10: P0 | D10: SÍ | E10: CP-11 · API8 | F10: CONFIRMADO | G10: Fail-open: se devuelven datos ficticios cuando falla el proveedor | H10: beclaims | I10: ClaimsAdapter | J10: CWE-754 | K10: Reclamos perdidos con confirmación falsa | L10: Eliminar mocks; propagar 503; store-and-forward con reintento asíncrono
A11: SEC-011 | B11: High | C11: P1 | D11: NO | E11: — | F11: CONFIRMADO | G11: Documento PDF completo en base64 escrito al log | H11: bedigitsignature | I11: DocumentClient:80 | J11: CWE-532 | K11: Exfiltración vía logs | L11: log.debug con documentId y tamaño
A12: SEC-012 | B12: High | C12: P1 | D12: NO | E12: — | F12: CONFIRMADO | G12: Tokens biométricos y datos de DNI escritos al log | H12: beidentbiometric | I12: FacephiAdapter:84,124 | J12: CWE-532 | K12: Biometría en logs | L12: @ToString.Exclude en los DTO; registrar solo trackingId
... A56: SEC-057 | B56: Info | C56: P1 | D56: NO | E56: — | F56: CONFIRMADO | G56: El proyecto del Lambda Authorizer existe pero está vacío | H56: lmauthorizer | I56: src/helloworld.js, deployment.yml | J56: - | K56: Condiciona la calibración de SEC-001 | L56: Confirmar con Arquitectura si el autorizador del gateway es nativo de Cognito o este componente; archivar o implementar

Sheet Seguimiento
A1: Seguimiento de remediacion
A3: Editable | B3: Solo las columnas en amarillo: Estado, Responsable, Objetivo, PR, Fecha y Notas.
A4: No editar | B4: ID, Severidad, Prioridad y Hallazgo alimentan los indicadores del Dashboard.
A5: Estados | B5: ABIERTO - EN CURSO - EN REVISION - CERRADO - ASUMIDO - NO APLICA
A6: Criterio de cierre | B6: Para CERRADO hacen falta tres cosas: correccion en el codigo, prueba que falle si el defecto reaparece, y fecha de verificacion. Sin prueba de regresion, se queda en EN REVISION.
A7: Ejemplo | B7: SEC-011 | High | P1 | ... | CERRADO | J. Perez | Sprint 24 | PR #142 | 2026-09-03 | Sustituido por log.debug; test anadido.
A11: ID | B11: Severidad | C11: Prioridad | D11: Hallazgo | E11: Estado | F11: Responsable | G11: Objetivo | H11: PR / commit | I11: Fecha verificacion | J11: Notas
A12: SEC-001 | B12: Critical | C12: P0 | D12: Autenticación y autorización desactivadas en todas las APIs | E12: ABIERTO
A13: SEC-002 | B13: Critical | C13: P0 | D13: BOLA/IDOR sistémico sobre identificadores de negocio | E13: ABIERTO
A14: SEC-003 | B14: High | C14: P1 | D14: Secretos de proveedores y BD versionados en el repositorio | E14: ABIERTO
A15: SEC-004 | B15: Critical | C15: P0 | D15: Validación de certificado TLS deshabilitada (trust-all) | E15: ABIERTO
A16: SEC-005 | B16: Critical | C16: P0 | D16: Bypass de OTP: sin vínculo a usuario, sin límite, OTP en path y en logs | E16: ABIERTO
A17: SEC-006 | B17: Critical | C17: P0 | D17: Callback de firma digital a webhook.site y token de callback literal jwt | E17: ABIERTO
A18: SEC-007 | B18: Critical | C18: P0 | D18: Credenciales, tokens y clave AES escritos en logs | E18: ABIERTO
A19: SEC-009 | B19: Medium | C19: P2 | D19: Credenciales enviadas por HTTP en claro a Contáctanos (red interna GSNET) | E19: ABIERTO
A20: SEC-010 | B20: Critical | C20: P0 | D20: Fail-open: se devuelven datos ficticios cuando falla el proveedor | E20: ABIERTO
A21: SEC-011 | B21: High | C21: P1 | D21: Documento PDF completo en base64 escrito al log | E21: ABIERTO
A22: SEC-012 | B22: High | C22: P1 | D22: Tokens biométricos y datos de DNI escritos al log | E22: ABIERTO
A23: SEC-013 | B23: High | C23: P1 | D23: wiretap(true): tráfico HTTP completo (incl. Authorization) al log | E23: ABIERTO
... A66: SEC-057 | B66: Info | C66: P1 | D66: El proyecto del Lambda Authorizer existe pero está vacío | E66: ABIERTO

Sheet Dashboard
B2: Distribucion de hallazgos
B4: Por severidad | F4: Por prioridad | J4: Estado
B5: Severidad | C5: N | D5: % total | F5: Prioridad | G5: N | J5: Estado | K5: N
B6: Critical | C6: =COUNTIF(Hallazgos!$B$2:$B$56,$B6) -> 7 | D6: =IFERROR(C6/$C$11,0) -> 0.12727273 | F6: P0 | G6: =COUNTIF(Hallazgos!$C$2:$C$56,$F6) -> 7 | J6: ABIERTO | K6: =COUNTIF(Seguimiento!$E$12:$E$66,$J6) -> 55
B7: High | C7: =COUNTIF(Hallazgos!$B$2:$B$56,$B7) -> 18 | D7: =IFERROR(C7/$C$11,0) -> 0.32727273 | F7: P1 | G7: =COUNTIF(Hallazgos!$C$2:$C$56,$F7) -> 19 | J7: EN CURSO | K7: =COUNTIF(Seguimiento!$E$12:$E$66,$J7) -> 0
B8: Medium | C8: =COUNTIF(Hallazgos!$B$2:$B$56,$B8) -> 21 | D8: =IFERROR(C8/$C$11,0) -> 0.38181818 | F8: P2 | G8: =COUNTIF(Hallazgos!$C$2:$C$56,$F8) -> 21 | J8: EN REVISION | K8: =COUNTIF(Seguimiento!$E$12:$E$66,$J8) -> 0
B9: Low | C9: =COUNTIF(Hallazgos!$B$2:$B$56,$B9) -> 6 | D9: =IFERROR(C9/$C$11,0) -> 0.10909091 | F9: P3 | G9: =COUNTIF(Hallazgos!$C$2:$C$56,$F9) -> 8 | J9: CERRADO | K9: =COUNTIF(Seguimiento!$E$12:$E$66,$J9) -> 0
B10: Info | C10: =COUNTIF(Hallazgos!$B$2:$B$56,$B10) -> 3 | D10: =IFERROR(C10/$C$11,0) -> 0.054545455 | J10: ASUMIDO | K10: =COUNTIF(Seguimiento!$E$12:$E$66,$J10) -> 0
B11: Total | C11: =SUM(C6:C10) -> 55 | D11: =IFERROR(SUM(D6:D10),0) -> 1 | J11: NO APLICA | K11: =COUNTIF(Seguimiento!$E$12:$E$66,$J11) -> 0

Sheet Top10_Riesgos
A1: Top 10 riesgos
A3: # | B3: Riesgo | C3: Hallazgos | D3: Prob. | E3: Impacto | F3: Justificación
A4: 1 | B4: Extracción de datos de clientes con un token legítimo (BOLA) | C4: SEC-002, SEC-001 | D4: Alta | E4: Crítico | F4: Atraviesa el perímetro completo sin condiciones adicionales; CH-1
A5: 2 | B5: Bypass del segundo factor | C5: SEC-005, SEC-019, SEC-053 | D5: Alta | E5: Crítico | F5: Tres vías independientes; CH-4. El limitador añadido en v1.5 cubre la generación pero no la validación, que es donde se fuerza el código
A6: 3 | B6: Compromiso de proveedores por secretos versionados o compartidos entre entornos | C6: SEC-003, SEC-055 | D6: Alta | E6: Crítico | F6: Las credenciales versionadas siguen comprometidas aunque se hayan externalizado; y el token de Qurable de producción se lee del almacén de desarrollo
A7: 4 | B7: Fuga de credenciales y datos sensibles por logs | C7: SEC-007, SEC-005, SEC-011, SEC-012, SEC-013 | D7: Alta | E7: Alto | F7: Cinco fugas independientes; el acceso al agregador de logs suele ser amplio
A8: 5 | B8: Pérdida silenciosa de reclamos con confirmación falsa | C8: SEC-010 | D8: Alta | E8: Alto | F8: No requiere atacante; impacto regulatorio directo (INDECOPI)
A9: 6 | B9: Acceso lateral sin autenticación entre servicios | C9: SEC-001, SEC-021 | D9: Media | E9: Crítico | F9: Requiere apoyo en el VPC, pero después no hay ningún control; CH-2
A10: 7 | B10: MITM en las integraciones con terceros | C10: SEC-004 | D10: Media | E10: Crítico | F10: Seis servicios tras la corrección de beemailboxes; datos biométricos y credenciales en tránsito
A11: 8 | B11: Salto de silo de datos por identidad IAM compartida | C11: SEC-054, SEC-043 | D11: Media | E11: Alto | F11: Un pod comprometido alcanza el bucket documental o la tabla de OTP sin llamar a otro servicio; CH-6. *Sustituye a SEC-008, cerrado el 31-ago; el riesgo residual de aquel hallazgo es la purga pendiente en BD e historial*
A12: 9 | B12: Denegación de servicio por ausencia de timeouts y límites | C12: SEC-016, SEC-019, SEC-020 | D12: Media | E12: Alto | F12: Provocable con peticiones legítimas; afecta a OTP y correo
A13: 10 | B13: Sustitución de documentos contractuales | C13: SEC-015, SEC-014, SEC-002 | D13: Media | E13: Alto | F13: Impacto probatorio; CH-3

Sheet Plan_Remediacion
A1: Quick wins y plan
A3: # | B3: Acción | C3: Esfuerzo | D3: Hallazgo | E3: Beneficio
A4: 1 | B4: Eliminar 6 líneas de log (OTP, password, token, clave AES, JWT, base64) | C4: 15 min | D4: SEC-005, SEC-007, SEC-011 | E4: Elimina cinco fugas de credenciales y datos
A5: 2 | B5: Sustituir Constant.CALLBACK por una propiedad de entorno | C5: 30 min | D5: SEC-006 | E5: Corta el envío de datos a un tercero público
A6: 3 | B6: Añadir @ToString.Exclude a 8 campos sensibles en DTO | C6: 30 min | D6: SEC-007, SEC-012 | E6: Cierra las fugas por toString()
A7: 4 | B7: Eliminar .wiretap(true) en 6 ficheros | C7: 20 min | D7: SEC-013 | E7: Elimina el riesgo latente de volcado completo
A8: 5 | B8: Cambiar show-details: ALWAYS por when-authorized y fijar exposure.include | C8: 30 min | D8: SEC-022 | E8: Reduce el reconocimiento de infraestructura
A9: 6 | B9: springdoc.api-docs.enabled: false en los perfiles pro/pre/cert | C9: 20 min | D9: SEC-025 | E9: Retira el contrato del plano lateral
A10: 7 | B10: Añadir timeouts a los 4 clientes que no los tienen | C10: 1 h | D10: SEC-016 | E10: Elimina el DoS por agotamiento de hilos
A11: 8 | B11: Corregir getDocumentVersion para consultar por clave | C11: 30 min | D11: SEC-014 | E11: Cierra la enumeración del repositorio documental
A12: 9 | B12: Sustituir putIfAbsent por updateItem en patchConsent | C12: 20 min | D12: SEC-030 | E12: Hace funcionar la revocación de consentimientos
A13: 10 | B13: Eliminar la rama CONTRATO_CLIENTE y test.pdf | C13: 20 min | D13: SEC-032 | E13: Retira código de pruebas de la ruta productiva
A14: 11 | B14: Sustituir los dos assert por comprobaciones explícitas | C14: 15 min | D14: SEC-035 | E14: Elimina dos NPE en el flujo de OTP
... A19: 16 | B19: Unificar en 404 la respuesta ante documento inexistente | C19: 1 h | D19: SEC-047 | E19: Cierra el oráculo de enumeración

Sheet Integraciones
A1: Matriz de integraciones
A3: API | B3: Consume | C3: Autenticación | D3: TLS | E3: Validación cert. | F3: Token | G3: Timeout | H3: Retry | I3: Riesgo
A4: beclaims | B4: Contáctanos (GSNET) | C4: Usuario/contraseña en JSON | D4: HTTP | E4: n/a | F4: Bearer propietario, sin expiración (SEC-033) | G4: 5000 ms | H4: No | I4: CRÍTICO
A5: becreditrisk | B5: Modellica / DataView360 | C5: OAuth2 client_credentials | D5: HTTPS | E5: Desactivada | F5: Bearer con expiración correcta; loggeado (SEC-007) | G5: 5000 ms | H5: No | I5: CRÍTICO
A6: becustombeprogrm | B6: SKY Airline | C6: JWT HS256 propio + Ocp-Apim-Subscription-Key | D6: HTTPS | E6: Desactivada | F6: Sin iss/aud/jti; clave = clave AES (SEC-023) | G6: Ninguno | H6: 3 intentos sobre POST | I6: CRÍTICO
A7: becustombeprogrm | B7: Qurable | C7: Token estático de configuración | D7: HTTPS | E7: Desactivada | F7: Token fijo, sin rotación | G7: Ninguno | H7: 3 intentos | I7: ALTO
A8: bedigitsignature | B8: bedocmanagement (interno) | C8: Cabeceras estáticas (x-santander-client-id: 123) | D8: Según DOCUMENT_URL | E8: n/a (sin connector) | F8: Ninguno | G8: Ninguno | H8: No | I8: CRÍTICO
A9: bedigitsignature | B9: FacePhi / Zytrust | C9: x-api-key | D9: HTTPS + proxy | E9: Desactivada | F9: API key estática | G9: 50 000 ms | H9: No | I9: CRÍTICO
A10: bedocmanagement | B10: AWS S3 + DynamoDB | C10: IRSA + AssumeRole | D10: HTTPS (SDK) | E10: Por defecto (correcta) | F10: STS temporal, autorrenovado | G10: SDK | H10: SDK | I10: BAJO
A11: beemailboxes | B11: Celmedia OTP | C11: OAuth2 client_credentials (Basic) | D11: HTTPS | E11: Desactivada + hostname | F11: Bearer con expiración | G11: Ninguno | H11: No | I11: CRÍTICO
A12: beemailboxes | B12: Acoustic / Celmedia correo | C12: OAuth2 refresh_token hardcodeado | D12: HTTP en url-send-mail por defecto | E12: Desactivada + hostname | F12: Bearer con expiración | G12: Ninguno | H12: No | I12: CRÍTICO
A13: beidentbiometric | B13: FacePhi | C13: x-api-key (dos claves distintas) | D13: HTTPS + proxy | E13: Desactivada | F13: API key estática | G13: 10 000 ms | H13: No | I13: ALTO
A14: beknowyocustomer | B14: DynamoDB | C14: IRSA + AssumeRole | D14: HTTPS (SDK) | E14: Por defecto (correcta) | F14: STS temporal | G14: SDK | H14: SDK | I14: BAJO
... A16: bewatchscreening | B16: Gesintel / AMLUpdate | C16: Usuario/contraseña -> token | D16: HTTPS | E16: Desactivada | F16: Token con expiración correcta | G16: 500 ms (demasiado bajo) | H16: No | I16: ALTO

Sheet Proyectos
A1: Proyectos analizados
A3: Proyecto | B3: Ruta base (contrato) | C3: Parent Gluon | D3: Java | E3: Endpoints decl. | F3: Persistencia / Integración | G3: Riesgo
A4: cpe-nxhbsc-beclaims | B4: /v1/claims_book | C4: 1.5.2 | D4: 17 | E4: 4 | F4: Contáctanos (GSNET, HTTP claro) | G4: CRÍTICO
A5: cpe-nxhbsc-becreditrisk | B5: /v1/credit_risk_decisions | C5: 1.6.0 | D5: 17 | E5: 1 | F5: RDS Postgres + DynamoDB + Modellica | G5: CRÍTICO
A6: cpe-nxhbsc-becustombeprogrm | B6: /v1/customer_benefit_programs | C6: 1.5.2 | D6: 17 | E6: 5 | F6: DynamoDB + SKY + Qurable | G6: ALTO
A7: cpe-nxhbsc-bedatacomanagment | B7: /v7/data_consents_management | C7: 1.6.0 | D7: 17 | E7: 1 *(era 8)* | F7: DynamoDB | G7: ALTO
A8: cpe-nxhbsc-bedigitsignature | B8: /v1 | C8: 1.6.0 | D8: 17 | E8: 1 | F8: DynamoDB + bedocmanagement + FacePhi/Zytrust | G8: CRÍTICO
A9: cpe-nxhbsc-bedocmanagement | B9: /v2/document_management | C9: 1.5.2 | D9: 17 | E9: 10 | F9: S3 + DynamoDB | G9: CRÍTICO
A10: cpe-nxhbsc-beemailboxes | B10: /v1/emailboxes | C10: 1.6.0 | D10: 17 | E10: 3 | F10: DynamoDB + S3 + Celmedia (OTP/mail) | G10: CRÍTICO
A11: cpe-nxhbsc-beidentbiometric | B11: /v1/identity_biometric | C11: 1.6.0 | D11: 17 | E11: 13 | F11: DynamoDB + FacePhi | G11: CRÍTICO
A12: cpe-nxhbsc-beknowyocustomer | B12: /v6/know_your_customer | C12: 1.5.2 | D12: 17 | E12: 3 *(era 20)* | F12: DynamoDB | G12: ALTO
A13: cpe-nxhbsc-beproducoffering | B13: /v1/customer_card_position | C13: 1.5.1 | D13: 17 | E13: 1 | F13: RDS Postgres | G13: CRÍTICO
A14: cpe-nxhbsc-bewatchscreening | B14: /v1/watchlist_screening | C14: 1.6.0 | D14: 17 | E14: 1 | F14: Gesintel / AMLUpdate | G14: ALTO
